,Generic_Name
0,ACETAMINOPHEN
1,BUPRENORPHINE
2,BUTALBIT
3,BUTORPHANOL
4,CODEINE
5,DHCODEINE
6,DIHYDROCODEINE
7,FENTANYL
8,HYDROCODONE
9,HYDROMORPHONE
10,IBUPROFEN
11,LEVORPHANOL
12,MEPERIDINE
13,METHADONE
14,MORPHINE
15,NALBUPHINE
16,OPIUM
17,OXYCODONE
18,OXYMORPHONE
19,PENTAZOCINE
20,TAPENTADOL
21,TRAMADOL
22,HCL
23,ACETAMIN
24,TARTRATE
25,SULFATE
26,BUTALBITAL
27,CARISOPRODOL
28,BT
29,ASPIRIN
30,CITRATE
31,BITARTRATE
32,TINCTURE
33,BELLADONNA
34,LACTATE
35,CAFF
36,ASA
37,ACETAMINOPHN
38,CAFFEIN
39,PF
40,ALKALOIDS
41,NALOXONE
42,OPIATES
43,dope
44,percs
45,white
46,TNT
47,Captain Cody
48,dummies
49,syrup
50,Tango
51,black tar
52,RMS
53,subutex
54,heroin
55,Percocet
56,Percodan
57,Oxy
58,Hillbilly Heroin
59,Percs
60,O.C.
61,Rims
62,Greenies
63,Lortab
64,Norco
65,Vicodin
66,Vike
67,Bananas Hydro
68,Fluff
69,Hydros
70,Kadian
71,Duramorph
72,MS Contin
73,Miss Emma
74,Monkey Drug
75,White Stuff MS
76,Lean
77,Little C
78,Schoolboy
79,Suboxone
80,Buse
81,Sobos
82,Strips
83,Oranges
84,Actiq
85,Sublimaze
86,Apache
87,China Girl
88,Goodfella
89,China White
90,Friend Fentanyl
91,Dance Fever
92,Dilaudid
93,Exalgo
94,Smack
95,Dillies
96,Dolophine
97,Methadose
98,Tootsie Roll
99,Red Rock
100,Mud
101,Dolls
102,Opana
103,Biscuits Oxymorphone
104,Mrs. O
105,O Bomb
106,Octagon
107,Ultram
108,Chill Pills
109,Trammies
110,Ultras
111,Chiva
112,Mexican Tar
113,Speedball